period,collection,year,site,id,length,sex,mic,ploidy,castrated
0,DV,2001,camp,1,,0,1,2,
0,DV,2001,camp,2,,1,0,2,
0,DV,2001,camp,8,,0,1,2,
0,DV,2001,camp,9,,0,0,2,
0,DV,2001,camp,12,,0,0,2,
0,DV,2001,camp,13,,0,1,2,
0,DV,2001,camp,15,,1,0,2,
0,DV,2001,camp,21,,0,1,2,
0,DV,2001,camp,23,,0,0,2,
0,DV,2001,camp,24,,0,1,2,
0,DV,2001,camp,25,,0,1,2,
0,DV,2001,camp,28,,0,1,2,
0,DV,2001,camp,32,,1,1,2,
0,DV,2001,camp,39,,1,0,2,
0,DV,2001,camp,40,,0,0,2,
0,DV,2001,camp,41,,1,0,2,
0,DV,2001,camp,42,,0,0,2,
0,DV,2001,camp,44,,0,0,2,
0,DV,2001,camp,46,,0,0,2,
0,DV,2001,camp,47,,0,1,2,
0,DV,2001,camp,49,,0,0,2,
0,DV,2001,camp,50,,0,1,2,
0,DV,2001,camp,53,,0,1,2,
0,DV,2001,camp,58,,0,1,2,
0,DV,2001,camp,59,,0,0,2,
0,DV,2001,camp,64,,1,1,2,
0,DV,2001,camp,66,,0,0,2,
0,DV,2001,camp,72,,1,0,2,
0,DV,2001,camp,73,,1,0,2,
0,DV,2001,camp,77,,0,0,2,
0,DV,2001,camp,78,,1,0,2,
0,DV,2001,camp,79,,0,0,2,
0,DV,2001,camp,82,,0,0,2,
0,DV,2001,camp,83,,0,0,2,
0,DV,2001,camp,85,,1,0,2,
0,DV,2001,camp,89,,0,0,2,
0,DV,2001,camp,90,,0,0,2,
0,DV,2001,camp,91,,0,0,2,
0,DV,2001,camp,95,,0,0,2,
0,DV,2001,camp,97,,0,0,2,
0,DV,2001,camp,5,,0,1,3,
0,DV,2001,camp,17,,0,1,3,
0,DV,2001,camp,18,,0,1,3,
0,DV,2001,camp,19,,0,1,3,
0,DV,2001,camp,22,,0,0,3,
0,DV,2001,camp,26,,0,1,3,
0,DV,2001,camp,27,,0,1,3,
0,DV,2001,camp,29,,0,1,3,
0,DV,2001,camp,33,,0,1,3,
0,DV,2001,camp,38,,0,1,3,
0,DV,2001,camp,43,,0,1,3,
0,DV,2001,camp,45,,0,1,3,
0,DV,2001,camp,48,,0,0,3,
0,DV,2001,camp,55,,0,0,3,
0,DV,2001,camp,56,,0,0,3,
0,DV,2001,camp,63,,0,1,3,
0,DV,2001,camp,65,,0,1,3,
0,DV,2001,camp,68,,0,1,3,
0,DV,2001,camp,69,,0,1,3,
0,DV,2001,camp,70,,0,1,3,
0,DV,2001,camp,75,,1,1,3,
0,DV,2001,camp,80,,0,1,3,
0,DV,2001,camp,87,,0,1,3,
0,DV,2001,camp,100,,0,0,3,
0,DV,2001,halfway,136,,0,1,2,
0,DV,2001,halfway,137,,0,0,2,
0,DV,2001,halfway,138,,0,1,2,
0,DV,2001,halfway,140,,0,1,2,
0,DV,2001,halfway,142,,0,0,2,
0,DV,2001,halfway,143,,1,0,2,
0,DV,2001,halfway,144,,0,1,2,
0,DV,2001,halfway,145,,0,0,2,
0,DV,2001,halfway,148,,0,1,2,
0,DV,2001,halfway,150,,1,1,2,
0,DV,2001,halfway,151,,0,1,2,
0,DV,2001,halfway,152,,0,1,2,
0,DV,2001,halfway,154,4.6,0,0,2,
0,DV,2001,halfway,155,4,0,1,2,
0,DV,2001,halfway,156,3,0,0,2,
0,DV,2001,halfway,157,4.8,0,1,2,
0,DV,2001,halfway,158,5,0,1,2,
0,DV,2001,halfway,160,3.5,1,0,2,
0,DV,2001,halfway,161,5.2,0,0,2,
0,DV,2001,halfway,162,4.6,0,0,2,
0,DV,2001,halfway,163,4.5,0,0,2,
0,DV,2001,halfway,164,4.2,0,1,2,
0,DV,2001,halfway,166,4.5,0,0,2,
0,DV,2001,halfway,167,4.5,0,1,2,
0,DV,2001,halfway,171,5,0,1,2,
0,DV,2001,halfway,172,4.5,0,1,2,
0,DV,2001,halfway,173,4.2,1,1,2,
0,DV,2001,halfway,178,4.1,0,0,2,
0,DV,2001,halfway,182,4.3,1,1,2,
0,DV,2001,halfway,184,5.1,0,1,2,
0,DV,2001,halfway,189,4,0,0,2,
0,DV,2001,halfway,190,5,0,1,2,
0,DV,2001,halfway,191,4.5,0,1,2,
0,DV,2001,halfway,192,3.6,0,1,2,
0,DV,2001,halfway,194,4.8,1,1,2,
0,DV,2001,halfway,211,4.7,0,0,2,
0,DV,2001,halfway,226,2.8,0,1,2,
0,DV,2001,halfway,231,3.7,1,0,2,
0,DV,2001,halfway,236,4.1,0,1,2,
0,DV,2001,halfway,256,4.6,0,0,2,
0,DV,2001,halfway,135,,0,1,3,
0,DV,2001,halfway,139,,0,0,3,
0,DV,2001,halfway,141,,0,1,3,
0,DV,2001,halfway,146,,0,1,3,
0,DV,2001,halfway,147,,0,1,3,
0,DV,2001,halfway,153,,0,1,3,
0,DV,2001,halfway,159,4.5,0,1,3,
0,DV,2001,halfway,168,,0,0,3,
0,DV,2001,halfway,169,3.4,0,1,3,
0,DV,2001,halfway,170,4.7,0,1,3,
0,DV,2001,halfway,174,3.7,0,1,3,
0,DV,2001,halfway,175,3.7,0,0,3,
0,DV,2001,halfway,176,4.1,0,0,3,
0,DV,2001,halfway,177,3.2,0,0,3,
0,DV,2001,halfway,179,4.6,0,1,3,
0,DV,2001,halfway,180,4.2,0,1,3,
0,DV,2001,halfway,181,4.2,0,1,3,
0,DV,2001,halfway,183,4,0,1,3,
0,DV,2001,halfway,185,4.6,0,1,3,
0,DV,2001,halfway,186,4.5,0,1,3,
0,DV,2001,halfway,187,4.3,0,1,3,
0,DV,2001,halfway,188,4.5,0,1,3,
0,DV,2001,halfway,193,4.4,0,0,3,
0,DV,2001,halfway,195,4.3,0,1,3,
0,DV,2001,halfway,196,4.2,0,1,3,
0,DV,2001,halfway,201,4.6,0,1,3,
0,DV,2001,halfway,216,4.5,0,0,3,
0,DV,2001,halfway,220,4.4,0,1,3,
0,DV,2001,halfway,222,4.1,0,1,3,
0,DV,2001,halfway,227,4.6,0,1,3,
0,DV,2001,halfway,240,5.5,0,1,3,
0,DV,2001,halfway,254,4.5,0,0,3,
0,DV,2001,swamp,262,4.5,0,0,2,
0,DV,2001,swamp,269,,0,0,2,
0,DV,2001,swamp,274,4,1,0,2,
0,DV,2001,swamp,276,3.2,0,0,2,
0,DV,2001,swamp,279,4.6,0,1,2,
0,DV,2001,swamp,302,4.2,1,1,2,
0,DV,2001,swamp,303,4.8,0,0,2,
0,DV,2001,swamp,308,5,1,1,2,
0,DV,2001,swamp,309,3.4,0,0,2,
0,DV,2001,swamp,310,4.3,1,0,2,
0,DV,2001,swamp,313,2.7,0,0,2,
0,DV,2001,swamp,314,4,0,1,2,
0,DV,2001,swamp,316,4.5,0,1,2,
0,DV,2001,swamp,317,3.4,0,0,2,
0,DV,2001,swamp,318,3.2,1,0,2,
0,DV,2001,swamp,319,3.5,1,0,2,
0,DV,2001,swamp,320,4.2,0,1,2,
0,DV,2001,swamp,321,3.9,1,1,2,
0,DV,2001,swamp,322,3.2,1,0,2,
0,DV,2001,swamp,323,3.1,1,0,2,
0,DV,2001,swamp,324,3.7,0,1,2,
0,DV,2001,swamp,325,3,1,0,2,
0,DV,2001,swamp,326,2.8,0,0,2,
0,DV,2001,swamp,328,2.6,0,0,2,
0,DV,2001,swamp,331,3.4,1,0,2,
0,DV,2001,swamp,332,3.5,0,0,2,
0,DV,2001,swamp,333,4.1,0,1,2,
0,DV,2001,swamp,334,2.9,0,1,2,
0,DV,2001,swamp,335,3.4,1,0,2,
0,DV,2001,swamp,336,3,0,0,2,
0,DV,2001,swamp,337,3.7,1,0,2,
0,DV,2001,swamp,338,2.8,0,0,2,
0,DV,2001,swamp,341,4.4,0,0,2,
0,DV,2001,swamp,342,3.6,1,0,2,
0,DV,2001,swamp,343,3.8,1,0,2,
0,DV,2001,swamp,344,4.6,0,1,2,
0,DV,2001,swamp,345,3.7,0,0,2,
0,DV,2001,swamp,346,3.6,0,0,2,
0,DV,2001,swamp,347,4,1,1,2,
0,DV,2001,swamp,348,3.6,1,0,2,
0,DV,2001,swamp,349,3.2,1,0,2,
0,DV,2001,swamp,350,2.9,0,1,2,
0,DV,2001,swamp,351,3.9,1,0,2,
0,DV,2001,swamp,352,2.6,0,0,2,
0,DV,2001,swamp,353,3.5,1,0,2,
0,DV,2001,swamp,354,2.9,1,0,2,
0,DV,2001,swamp,355,4.7,0,1,2,
0,DV,2001,swamp,356,4.2,0,1,2,
0,DV,2001,swamp,357,5.2,0,1,2,
0,DV,2001,swamp,358,3.6,0,1,2,
0,DV,2001,swamp,359,4.2,0,1,2,
0,DV,2001,swamp,360,4.7,0,1,2,
0,DV,2001,swamp,361,3,0,0,2,
0,DV,2001,swamp,362,4.7,1,1,2,
0,DV,2001,swamp,363,4.9,0,1,2,
0,DV,2001,swamp,364,5.2,0,1,2,
0,DV,2001,swamp,365,4.1,1,1,2,
0,DV,2001,swamp,366,4,1,0,2,
0,DV,2001,swamp,371,4,0,0,2,
0,DV,2001,swamp,372,4.4,1,1,2,
0,DV,2001,swamp,373,4.5,1,1,2,
0,DV,2001,swamp,374,4.7,0,1,2,
0,DV,2001,swamp,376,3,1,0,2,
0,DV,2001,swamp,377,4.3,1,1,2,
0,DV,2001,swamp,380,3.5,1,0,2,
0,DV,2001,swamp,381,4.9,0,0,2,
0,DV,2001,swamp,386,3.6,1,0,2,
0,DV,2001,swamp,387,4.2,1,1,2,
0,DV,2001,swamp,389,4.5,0,0,2,
0,DV,2001,swamp,390,4.2,0,0,2,
0,DV,2001,swamp,391,4.3,0,1,2,
0,DV,2001,swamp,392,4.3,0,1,2,
0,DV,2001,swamp,395,4.5,0,0,2,
0,DV,2001,swamp,396,4.2,1,1,2,
0,DV,2001,swamp,397,3.2,1,0,2,
0,DV,2001,swamp,268,4.5,0,1,3,
0,DV,2001,swamp,300,4.7,0,1,3,
0,DV,2001,swamp,301,4.3,0,1,3,
0,DV,2001,swamp,304,5,0,1,3,
0,DV,2001,swamp,305,4,0,0,3,
0,DV,2001,swamp,306,4.4,0,1,3,
0,DV,2001,swamp,307,4.6,0,1,3,
0,DV,2001,swamp,311,4.6,0,0,3,
0,DV,2001,swamp,312,4.6,0,1,3,
0,DV,2001,swamp,315,4.5,0,0,3,
0,DV,2001,swamp,327,4.6,0,1,3,
0,DV,2001,swamp,329,4.5,0,0,3,
0,DV,2001,swamp,330,4.3,0,1,3,
0,DV,2001,swamp,339,3.3,0,0,3,
0,DV,2001,swamp,368,3.5,0,0,3,
0,DV,2001,swamp,369,4.6,0,0,3,
0,DV,2001,swamp,370,3.9,0,0,3,
0,DV,2001,swamp,375,2.5,0,1,3,
0,DV,2001,swamp,378,4.5,0,0,3,
0,DV,2001,swamp,379,4.9,0,1,3,
0,DV,2001,swamp,382,4.9,0,1,3,
0,DV,2001,swamp,383,5.2,0,1,3,
0,DV,2001,swamp,384,4.6,0,1,3,
0,DV,2001,swamp,385,3.3,0,1,3,
0,DV,2001,swamp,394,3.6,0,0,3,
0,DV,2001,swamp,398,4.5,0,0,3,
0,DV,2001,swamp,399,4.2,0,0,3,
0,DV,2001,swamp,400,3.7,0,0,3,
0,DV,2001,wpoint,401,3.2,1,0,2,
0,DV,2001,wpoint,402,3.7,1,0,2,
0,DV,2001,wpoint,404,4.4,0,1,2,
0,DV,2001,wpoint,405,3.9,0,1,2,
0,DV,2001,wpoint,406,4.9,0,1,2,
0,DV,2001,wpoint,409,4,1,0,2,
0,DV,2001,wpoint,410,3.1,0,1,2,
0,DV,2001,wpoint,411,3.4,1,0,2,
0,DV,2001,wpoint,412,3.4,1,0,2,
0,DV,2001,wpoint,413,3.1,0,0,2,
0,DV,2001,wpoint,414,3.2,0,0,2,
0,DV,2001,wpoint,415,3.2,0,0,2,
0,DV,2001,wpoint,416,3.7,0,0,2,
0,DV,2001,wpoint,417,3.6,1,0,2,
0,DV,2001,wpoint,418,3.5,0,0,2,
0,DV,2001,wpoint,421,3,0,0,2,
0,DV,2001,wpoint,422,4.2,1,0,2,
0,DV,2001,wpoint,424,3,0,0,2,
0,DV,2001,wpoint,426,4.2,1,0,2,
0,DV,2001,wpoint,427,3.9,1,0,2,
0,DV,2001,wpoint,429,4.2,1,0,2,
0,DV,2001,wpoint,432,3.2,1,1,2,
0,DV,2001,wpoint,433,4,1,0,2,
0,DV,2001,wpoint,434,3,0,0,2,
0,DV,2001,wpoint,435,2.5,0,0,2,
0,DV,2001,wpoint,437,4.6,0,0,2,
0,DV,2001,wpoint,439,3.4,1,0,2,
0,DV,2001,wpoint,440,2.8,0,0,2,
0,DV,2001,wpoint,441,3.4,0,0,2,
0,DV,2001,wpoint,443,3.6,1,0,2,
0,DV,2001,wpoint,444,3.3,1,0,2,
0,DV,2001,wpoint,445,4,1,0,2,
0,DV,2001,wpoint,447,3.2,0,0,2,
0,DV,2001,wpoint,448,3.7,0,0,2,
0,DV,2001,wpoint,449,3.5,0,0,2,
0,DV,2001,wpoint,450,2.7,0,0,2,
0,DV,2001,wpoint,451,4.5,0,1,2,
0,DV,2001,wpoint,457,4.4,0,1,2,
0,DV,2001,wpoint,458,4.7,0,0,2,
0,DV,2001,wpoint,460,4.6,0,1,2,
0,DV,2001,wpoint,461,4.5,0,1,2,
0,DV,2001,wpoint,464,3.2,1,0,2,
0,DV,2001,wpoint,469,3.3,1,0,2,
0,DV,2001,wpoint,471,4.7,0,0,2,
0,DV,2001,wpoint,473,4,0,0,2,
0,DV,2001,wpoint,475,2.8,0,0,2,
0,DV,2001,wpoint,477,4,0,0,2,
0,DV,2001,wpoint,478,3.1,0,1,2,
0,DV,2001,wpoint,480,2.8,1,0,2,
0,DV,2001,wpoint,481,3.6,1,0,2,
0,DV,2001,wpoint,482,3.1,0,0,2,
0,DV,2001,wpoint,483,2.8,1,0,2,
0,DV,2001,wpoint,485,2.9,1,0,2,
0,DV,2001,wpoint,486,4.4,0,0,2,
0,DV,2001,wpoint,487,4.4,0,1,2,
0,DV,2001,wpoint,489,3.6,1,0,2,
0,DV,2001,wpoint,490,3.5,1,0,2,
0,DV,2001,wpoint,492,4,1,1,2,
0,DV,2001,wpoint,494,3.6,1,1,2,
0,DV,2001,wpoint,498,2.9,0,0,2,
0,DV,2001,wpoint,499,3,1,0,2,
0,DV,2001,wpoint,500,2.8,0,0,2,
0,DV,2001,wpoint,446,4.1,0,1,3,
0,DV,2001,wpoint,491,3.8,1,0,3,
0,DV,2001,wpoint,493,4.3,0,1,3,
0,DV,2002,camp,504,3.4,0,0,2,
0,DV,2002,camp,506,4.3,1,0,2,
0,DV,2002,camp,509,3.7,1,0,2,
0,DV,2002,camp,522,4.2,0,0,2,
0,DV,2002,camp,536,3.7,0,0,2,
0,DV,2002,camp,537,3.6,1,0,2,
0,DV,2002,camp,540,4.3,0,0,2,
0,DV,2002,camp,543,3.9,0,0,2,
0,DV,2002,camp,547,4.3,1,0,2,
0,DV,2002,camp,548,4.8,0,1,2,
0,DV,2002,camp,550,3.8,0,0,2,
0,DV,2002,camp,557,3.5,0,0,2,
0,DV,2002,camp,559,3.9,1,0,2,
0,DV,2002,camp,563,4.1,1,0,2,
0,DV,2002,camp,564,4.1,1,0,2,
0,DV,2002,camp,566,4,0,0,2,
0,DV,2002,camp,567,5.1,0,0,2,
0,DV,2002,camp,568,3.9,1,0,2,
0,DV,2002,camp,569,4.2,0,0,2,
0,DV,2002,camp,573,5,0,1,2,
0,DV,2002,camp,576,3,0,1,2,
0,DV,2002,camp,582,3.8,1,1,2,
0,DV,2002,camp,590,3.1,0,0,2,
0,DV,2002,camp,592,4,0,1,2,
0,DV,2002,camp,607,4.4,0,1,2,
0,DV,2002,camp,610,4.3,1,1,2,
0,DV,2002,camp,614,4.3,1,0,2,
0,DV,2002,camp,625,4.6,0,1,2,
0,DV,2002,camp,638,4,1,0,2,
0,DV,2002,camp,641,3.4,0,0,2,
0,DV,2002,camp,645,4.3,1,0,2,
0,DV,2002,camp,650,3.6,0,0,2,
0,DV,2002,camp,503,4.7,0,1,3,
0,DV,2002,camp,507,4.5,0,0,3,
0,DV,2002,camp,512,5.4,0,1,3,
0,DV,2002,camp,513,4.6,0,1,3,
0,DV,2002,camp,515,5.1,0,1,3,
0,DV,2002,camp,519,5.2,0,1,3,
0,DV,2002,camp,520,3.4,0,0,3,
0,DV,2002,camp,526,4.2,0,1,3,
0,DV,2002,camp,527,4,0,1,3,
0,DV,2002,camp,528,4.6,0,1,3,
0,DV,2002,camp,531,3.6,0,0,3,
0,DV,2002,camp,533,4,0,0,3,
0,DV,2002,camp,534,4.3,0,1,3,
0,DV,2002,camp,538,5,0,0,3,
0,DV,2002,camp,539,3.7,0,1,3,
0,DV,2002,camp,541,4,0,0,3,
0,DV,2002,camp,546,4.9,0,1,3,
0,DV,2002,camp,549,5.2,0,1,3,
0,DV,2002,camp,552,5.4,0,1,3,
0,DV,2002,camp,555,5.4,0,0,3,
0,DV,2002,camp,558,3.7,0,0,3,
0,DV,2002,camp,560,5,0,0,3,
0,DV,2002,camp,561,4.1,0,0,3,
0,DV,2002,camp,565,4.5,0,1,3,
0,DV,2002,camp,571,4.2,0,0,3,
0,DV,2002,camp,572,4.3,0,0,3,
0,DV,2002,camp,589,4.9,0,1,3,
0,DV,2002,camp,602,5,0,1,3,
0,DV,2002,camp,612,4.5,0,1,3,
0,DV,2002,camp,617,3,0,0,3,
0,DV,2002,camp,621,2.7,0,1,3,
0,DV,2002,camp,631,4.6,0,1,3,
0,DV,2002,camp,635,4.4,1,1,3,
0,DV,2002,camp,639,5,0,0,3,
0,DV,2002,camp,647,4,0,0,3,
0,DV,2002,halfway,153,4.9,0,1,2,
0,DV,2002,halfway,155,3.3,0,1,2,
0,DV,2002,halfway,156,4.2,1,1,2,
0,DV,2002,halfway,161,3.9,1,1,2,
0,DV,2002,halfway,165,4.2,1,1,2,
0,DV,2002,halfway,166,3.9,1,0,2,
0,DV,2002,halfway,170,2.7,0,0,2,
0,DV,2002,halfway,173,4,0,0,2,
0,DV,2002,halfway,174,3.9,1,0,2,
0,DV,2002,halfway,178,3.3,0,0,2,
0,DV,2002,halfway,181,4.2,1,1,2,
0,DV,2002,halfway,184,2.9,0,0,2,
0,DV,2002,halfway,186,5.5,0,1,2,
0,DV,2002,halfway,192,4.6,0,1,2,
0,DV,2002,halfway,196,5.5,0,0,2,
0,DV,2002,halfway,197,4.7,0,0,2,
0,DV,2002,halfway,217,4.6,0,0,2,
0,DV,2002,halfway,221,4.8,0,0,2,
0,DV,2002,halfway,223,5.5,0,1,2,
0,DV,2002,halfway,226,4.7,0,1,2,
0,DV,2002,halfway,229,3.4,0,0,2,
0,DV,2002,halfway,230,4.4,1,1,2,
0,DV,2002,halfway,232,4.5,0,0,2,
0,DV,2002,halfway,238,3.8,0,0,2,
0,DV,2002,halfway,241,4.5,0,0,2,
0,DV,2002,halfway,242,4.2,0,1,2,
0,DV,2002,halfway,256,5,0,0,2,
0,DV,2002,halfway,258,4.5,0,1,2,
0,DV,2002,halfway,260,3.7,1,0,2,
0,DV,2002,halfway,261,4,0,1,2,
0,DV,2002,halfway,270,4.6,0,1,2,
0,DV,2002,halfway,271,2.8,0,0,2,
0,DV,2002,halfway,274,3.6,0,0,2,
0,DV,2002,halfway,275,4.1,0,1,2,
0,DV,2002,halfway,280,4.6,0,0,2,
0,DV,2002,halfway,286,5,0,1,2,
0,DV,2002,halfway,154,3,0,1,3,
0,DV,2002,halfway,157,5,0,0,3,
0,DV,2002,halfway,158,5,0,0,3,
0,DV,2002,halfway,164,4.6,0,1,3,
0,DV,2002,halfway,168,5.1,0,1,3,
0,DV,2002,halfway,169,4.8,0,0,3,
0,DV,2002,halfway,172,3.5,0,1,3,
0,DV,2002,halfway,177,4.8,0,0,3,
0,DV,2002,halfway,179,4,0,0,3,
0,DV,2002,halfway,180,4.1,0,1,3,
0,DV,2002,halfway,183,2.9,0,0,3,
0,DV,2002,halfway,188,4.7,0,0,3,
0,DV,2002,halfway,194,4.8,0,1,3,
0,DV,2002,halfway,195,4.4,0,1,3,
0,DV,2002,halfway,199,4.2,0,1,3,
0,DV,2002,halfway,201,4.5,0,1,3,
0,DV,2002,halfway,202,4.2,0,0,3,
0,DV,2002,halfway,203,4.5,0,1,3,
0,DV,2002,halfway,209,4.6,0,1,3,
0,DV,2002,halfway,214,4.2,0,1,3,
0,DV,2002,halfway,224,4,0,0,3,
0,DV,2002,halfway,227,4.3,0,1,3,
0,DV,2002,halfway,235,3.4,0,0,3,
0,DV,2002,halfway,237,3,0,1,3,
0,DV,2002,halfway,243,3.2,0,0,3,
0,DV,2002,halfway,244,2.8,0,1,3,
0,DV,2002,halfway,245,4.8,0,1,3,
0,DV,2002,halfway,246,4,0,1,3,
0,DV,2002,halfway,259,4.4,0,1,3,
0,DV,2002,halfway,269,4.7,0,1,3,
0,DV,2002,halfway,272,3.6,0,0,3,
0,DV,2002,halfway,281,4.3,0,0,3,
0,DV,2002,halfway,282,4.2,0,1,3,
0,DV,2002,halfway,284,3.3,0,0,3,
0,DV,2002,swamp,2,3.9,0,1,2,
0,DV,2002,swamp,3,5,0,1,2,
0,DV,2002,swamp,4,3.7,1,0,2,
0,DV,2002,swamp,5,3.7,0,0,2,
0,DV,2002,swamp,6,3.4,0,0,2,
0,DV,2002,swamp,7,4.7,0,0,2,
0,DV,2002,swamp,8,5.1,0,1,2,
0,DV,2002,swamp,9,3.1,0,0,2,
0,DV,2002,swamp,10,4.1,1,0,2,
0,DV,2002,swamp,11,2.5,0,0,2,
0,DV,2002,swamp,12,4.4,0,1,2,
0,DV,2002,swamp,15,4.2,0,0,2,
0,DV,2002,swamp,16,4.2,0,0,2,
0,DV,2002,swamp,18,4.5,0,0,2,
0,DV,2002,swamp,19,2.9,0,0,2,
0,DV,2002,swamp,21,5.5,0,1,2,
0,DV,2002,swamp,22,5.1,0,1,2,
0,DV,2002,swamp,23,5.2,0,1,2,
0,DV,2002,swamp,24,4,0,0,2,
0,DV,2002,swamp,25,4.4,0,1,2,
0,DV,2002,swamp,27,4.2,1,0,2,
0,DV,2002,swamp,28,4.2,0,0,2,
0,DV,2002,swamp,29,4.5,0,0,2,
0,DV,2002,swamp,30,4.2,0,0,2,
0,DV,2002,swamp,31,4.5,0,1,2,
0,DV,2002,swamp,35,3.5,0,0,2,
0,DV,2002,swamp,37,3.9,1,0,2,
0,DV,2002,swamp,38,4.7,0,0,2,
0,DV,2002,swamp,39,4.6,0,0,2,
0,DV,2002,swamp,40,4.5,0,0,2,
0,DV,2002,swamp,41,2.5,0,0,2,
0,DV,2002,swamp,42,3.6,0,0,2,
0,DV,2002,swamp,43,4.5,0,0,2,
0,DV,2002,swamp,45,4.1,0,0,2,
0,DV,2002,swamp,49,4.5,0,0,2,
0,DV,2002,swamp,52,3.5,0,0,2,
0,DV,2002,swamp,53,3.6,0,0,2,
0,DV,2002,swamp,56,4.2,0,1,2,
0,DV,2002,swamp,57,4.8,0,0,2,
0,DV,2002,swamp,59,4.6,0,0,2,
0,DV,2002,swamp,60,4.2,0,0,2,
0,DV,2002,swamp,63,3.5,0,0,2,
0,DV,2002,swamp,64,3.1,0,1,2,
0,DV,2002,swamp,65,3.2,0,0,2,
0,DV,2002,swamp,66,3.2,0,0,2,
0,DV,2002,swamp,69,3.7,1,0,2,
0,DV,2002,swamp,70,3.3,0,0,2,
0,DV,2002,swamp,71,3.7,0,0,2,
0,DV,2002,swamp,72,4,0,0,2,
0,DV,2002,swamp,73,3.8,0,0,2,
0,DV,2002,swamp,74,3.6,0,0,2,
0,DV,2002,swamp,76,2.6,0,0,2,
0,DV,2002,swamp,77,5,0,0,2,
0,DV,2002,swamp,79,3.5,1,0,2,
0,DV,2002,swamp,80,4.9,0,0,2,
0,DV,2002,swamp,1,3.9,0,0,3,
0,DV,2002,swamp,13,4.2,1,0,3,
0,DV,2002,swamp,17,4,0,0,3,
0,DV,2002,swamp,20,4.1,0,0,3,
0,DV,2002,swamp,26,3.3,0,1,3,
0,DV,2002,swamp,32,3.9,0,0,3,
0,DV,2002,swamp,34,3.7,0,0,3,
0,DV,2002,swamp,36,4.3,0,1,3,
0,DV,2002,swamp,44,3.8,0,0,3,
0,DV,2002,swamp,46,3.6,0,1,3,
0,DV,2002,swamp,47,4.1,0,0,3,
0,DV,2002,swamp,48,3.8,0,0,3,
0,DV,2002,swamp,50,4.2,0,1,3,
0,DV,2002,swamp,51,4.4,0,1,3,
0,DV,2002,swamp,54,3.1,0,0,3,
0,DV,2002,swamp,55,3.7,0,0,3,
0,DV,2002,swamp,58,3.6,0,1,3,
0,DV,2002,swamp,61,4.2,0,1,3,
0,DV,2002,swamp,62,4.3,0,1,3,
0,DV,2002,swamp,67,3.7,0,0,3,
0,DV,2002,swamp,75,3.3,0,0,3,
0,DV,2002,swamp,78,3.5,0,0,3,
0,DV,2002,wpoint,351,4.3,0,1,2,
0,DV,2002,wpoint,354,4.3,1,0,2,
0,DV,2002,wpoint,355,4.3,0,0,2,
0,DV,2002,wpoint,356,3.2,0,0,2,
0,DV,2002,wpoint,358,4.5,0,1,2,
0,DV,2002,wpoint,359,4.8,0,0,2,
0,DV,2002,wpoint,360,5,0,0,2,
0,DV,2002,wpoint,361,4.5,0,0,2,
0,DV,2002,wpoint,363,4.7,0,1,2,
0,DV,2002,wpoint,366,4.3,0,0,2,
0,DV,2002,wpoint,367,4.5,0,1,2,
0,DV,2002,wpoint,372,4.5,0,1,2,
0,DV,2002,wpoint,382,4.5,0,0,2,
0,DV,2002,wpoint,386,4.3,0,0,2,
0,DV,2002,wpoint,387,3.6,1,0,2,
0,DV,2002,wpoint,388,4.3,0,0,2,
0,DV,2002,wpoint,390,3,0,0,2,
0,DV,2002,wpoint,391,4.3,0,0,2,
0,DV,2002,wpoint,392,3.2,1,0,2,
0,DV,2002,wpoint,393,4.7,0,0,2,
0,DV,2002,wpoint,394,4.7,1,0,2,
0,DV,2002,wpoint,395,4.7,0,0,2,
0,DV,2002,wpoint,398,4.9,0,1,2,
0,DV,2002,wpoint,399,4.1,1,1,2,
0,DV,2002,wpoint,400,4.2,1,0,2,
0,DV,2002,wpoint,403,4.5,1,1,2,
0,DV,2002,wpoint,404,3.7,1,0,2,
0,DV,2002,wpoint,405,4.2,0,0,2,
0,DV,2002,wpoint,406,4,0,0,2,
0,DV,2002,wpoint,407,3.3,0,0,2,
0,DV,2002,wpoint,408,2.9,0,0,2,
0,DV,2002,wpoint,409,4.3,0,0,2,
0,DV,2002,wpoint,412,3.6,1,0,2,
0,DV,2002,wpoint,414,3.6,0,1,2,
0,DV,2002,wpoint,415,3.6,1,0,2,
0,DV,2002,wpoint,418,3,0,0,2,
0,DV,2002,wpoint,419,3.8,0,0,2,
0,DV,2002,wpoint,421,3.5,0,0,2,
0,DV,2002,wpoint,422,3.3,1,1,2,
0,DV,2002,wpoint,423,3.3,1,0,2,
0,DV,2002,wpoint,424,4.5,1,0,2,
0,DV,2002,wpoint,428,5.5,0,0,2,
0,DV,2002,wpoint,429,3.3,1,0,2,
0,DV,2002,wpoint,431,4.6,0,0,2,
0,DV,2002,wpoint,433,4.5,0,0,2,
0,DV,2002,wpoint,434,4.4,0,0,2,
0,DV,2002,wpoint,435,4.6,0,0,2,
0,DV,2002,wpoint,436,4.2,1,0,2,
0,DV,2002,wpoint,440,3.6,1,0,2,
0,DV,2002,wpoint,441,2.5,0,0,2,
0,DV,2002,wpoint,442,3.5,0,0,2,
0,DV,2002,wpoint,443,3.5,0,0,2,
0,DV,2002,wpoint,444,3.6,0,0,2,
0,DV,2002,wpoint,445,4.3,0,1,2,
0,DV,2002,wpoint,446,4.5,0,1,2,
0,DV,2002,wpoint,447,4.2,0,0,2,
0,DV,2002,wpoint,448,4,0,0,2,
0,DV,2002,wpoint,449,4.5,0,0,2,
0,DV,2002,wpoint,450,4.3,0,1,2,
0,DV,2002,wpoint,368,4.3,0,0,3,
0,DV,2002,wpoint,377,4.7,0,1,3,
0,DV,2002,wpoint,380,4.4,0,1,3,
0,DV,2003,camp,1056,3.8,1,1,2,
0,DV,2003,camp,1061,4.7,0,0,2,
0,DV,2003,camp,1066,4.1,0,0,2,
0,DV,2003,camp,1080,4.4,0,0,2,
0,DV,2003,camp,1084,5.7,0,1,2,
0,DV,2003,camp,1086,3.7,1,0,2,
0,DV,2003,camp,1093,5.2,0,1,2,
0,DV,2003,camp,1099,3.9,0,1,2,
0,DV,2003,camp,1100,4.5,0,0,2,
0,DV,2003,camp,1102,4.3,1,1,2,
0,DV,2003,camp,1104,4.9,0,1,2,
0,DV,2003,camp,1110,3.1,0,0,2,
0,DV,2003,camp,1120,3.3,0,0,2,
0,DV,2003,camp,1124,5.7,0,0,2,
0,DV,2003,camp,1128,5.1,0,1,2,
0,DV,2003,camp,1131,4.1,0,0,2,
0,DV,2003,camp,1135,4.2,1,0,2,
0,DV,2003,camp,1139,4.7,0,0,2,
0,DV,2003,camp,1141,3.8,0,0,2,
0,DV,2003,camp,1142,4.5,1,0,2,
0,DV,2003,camp,1148,5,0,0,2,
0,DV,2003,camp,1149,4.4,0,0,2,
0,DV,2003,camp,1051,3.9,0,0,3,
0,DV,2003,camp,1052,4.3,0,0,3,
0,DV,2003,camp,1054,4,0,0,3,
0,DV,2003,camp,1055,3.4,0,0,3,
0,DV,2003,camp,1057,4.4,0,0,3,
0,DV,2003,camp,1058,4.2,0,0,3,
0,DV,2003,camp,1059,4.3,0,0,3,
0,DV,2003,camp,1060,4.1,0,0,3,
0,DV,2003,camp,1062,3.8,0,0,3,
0,DV,2003,camp,1064,4.7,0,1,3,
0,DV,2003,camp,1068,3.9,0,0,3,
0,DV,2003,camp,1070,4.2,0,0,3,
0,DV,2003,camp,1071,4.9,0,1,3,
0,DV,2003,camp,1073,5.7,0,0,3,
0,DV,2003,camp,1075,5.1,0,1,3,
0,DV,2003,camp,1077,3.4,0,0,3,
0,DV,2003,camp,1079,5.2,0,1,3,
0,DV,2003,camp,1081,4.9,0,1,3,
0,DV,2003,camp,1082,5.4,0,0,3,
0,DV,2003,camp,1088,4.5,0,1,3,
0,DV,2003,camp,1090,4.7,0,1,3,
0,DV,2003,camp,1094,3.2,0,0,3,
0,DV,2003,camp,1095,4.5,0,0,3,
0,DV,2003,camp,1097,4,0,0,3,
0,DV,2003,camp,1101,4.9,0,1,3,
0,DV,2003,camp,1106,4.8,0,1,3,
0,DV,2003,camp,1108,4.5,0,0,3,
0,DV,2003,camp,1111,5.2,0,1,3,
0,DV,2003,camp,1113,4.3,0,1,3,
0,DV,2003,camp,1114,4.3,0,0,3,
0,DV,2003,camp,1115,4.5,0,0,3,
0,DV,2003,camp,1117,4.9,0,1,3,
0,DV,2003,camp,1119,4.9,0,0,3,
0,DV,2003,camp,1121,3.3,0,0,3,
0,DV,2003,camp,1122,5,0,0,3,
0,DV,2003,camp,1126,4.4,0,0,3,
0,DV,2003,camp,1130,4.2,0,0,3,
0,DV,2003,camp,1133,4.8,0,0,3,
0,DV,2003,camp,1137,4.6,0,0,3,
0,DV,2003,camp,1140,3.9,0,0,3,
0,DV,2003,camp,1143,3.9,0,0,3,
0,DV,2003,camp,1144,4.5,0,0,3,
0,DV,2003,camp,1145,4.9,0,0,3,
0,DV,2003,camp,1146,3.9,0,0,3,
0,DV,2003,camp,1147,5.2,0,0,3,
0,DV,2003,halfway,1353,3,0,0,2,
0,DV,2003,halfway,1356,3.4,1,1,2,
0,DV,2003,halfway,1358,3.7,0,0,2,
0,DV,2003,halfway,1360,4.2,0,1,2,
0,DV,2003,halfway,1366,4.1,0,0,2,
0,DV,2003,halfway,1381,4.5,0,1,2,
0,DV,2003,halfway,1384,4,0,0,2,
0,DV,2003,halfway,1386,4.5,0,1,2,
0,DV,2003,halfway,1388,3.4,1,1,2,
0,DV,2003,halfway,1390,4,0,0,2,
0,DV,2003,halfway,1391,3.5,0,0,2,
0,DV,2003,halfway,1393,5,0,1,2,
0,DV,2003,halfway,1397,3.7,1,1,2,
0,DV,2003,halfway,1399,4.3,0,1,2,
0,DV,2003,halfway,1402,3.5,1,0,2,
0,DV,2003,halfway,1404,3.2,0,0,2,
0,DV,2003,halfway,1411,4.2,0,1,2,
0,DV,2003,halfway,1413,4.6,0,0,2,
0,DV,2003,halfway,1415,4.2,0,0,2,
0,DV,2003,halfway,1417,5.2,0,1,2,
0,DV,2003,halfway,1419,4.7,0,0,2,
0,DV,2003,halfway,1420,4,1,1,2,
0,DV,2003,halfway,1422,4.2,0,1,2,
0,DV,2003,halfway,1424,4,0,0,2,
0,DV,2003,halfway,1428,3.5,1,1,2,
0,DV,2003,halfway,1429,3.9,0,1,2,
0,DV,2003,halfway,1437,4,1,1,2,
0,DV,2003,halfway,1438,4.2,0,0,2,
0,DV,2003,halfway,1440,3.6,1,0,2,
0,DV,2003,halfway,1442,3,0,0,2,
0,DV,2003,halfway,1444,4.1,0,0,2,
0,DV,2003,halfway,1445,3.8,0,1,2,
0,DV,2003,halfway,1448,4.5,0,0,2,
0,DV,2003,halfway,1351,5.1,0,0,3,
0,DV,2003,halfway,1352,4,0,0,3,
0,DV,2003,halfway,1354,4,0,1,3,
0,DV,2003,halfway,1355,4.1,0,1,3,
0,DV,2003,halfway,1357,4.4,0,1,3,
0,DV,2003,halfway,1359,4.3,1,1,3,
0,DV,2003,halfway,1361,4.4,0,1,3,
0,DV,2003,halfway,1362,4.1,0,1,3,
0,DV,2003,halfway,1364,3.8,0,0,3,
0,DV,2003,halfway,1368,3.7,0,0,3,
0,DV,2003,halfway,1369,4.6,0,1,3,
0,DV,2003,halfway,1370,3.9,0,0,3,
0,DV,2003,halfway,1371,3.4,0,0,3,
0,DV,2003,halfway,1373,3.3,0,0,3,
0,DV,2003,halfway,1375,4.6,0,1,3,
0,DV,2003,halfway,1377,4,0,1,3,
0,DV,2003,halfway,1379,4.1,0,1,3,
0,DV,2003,halfway,1380,3.9,0,1,3,
0,DV,2003,halfway,1382,4.5,0,0,3,
0,DV,2003,halfway,1395,4.1,0,1,3,
0,DV,2003,halfway,1400,3.7,0,0,3,
0,DV,2003,halfway,1401,4,0,0,3,
0,DV,2003,halfway,1406,4.2,0,1,3,
0,DV,2003,halfway,1408,4,0,1,3,
0,DV,2003,halfway,1410,4.2,0,0,3,
0,DV,2003,halfway,1421,3.6,0,0,3,
0,DV,2003,halfway,1426,4,0,1,3,
0,DV,2003,halfway,1430,4,0,1,3,
0,DV,2003,halfway,1431,4,0,1,3,
0,DV,2003,halfway,1432,4.1,0,1,3,
0,DV,2003,halfway,1433,4.1,0,1,3,
0,DV,2003,halfway,1435,4,0,0,3,
0,DV,2003,halfway,1439,4.1,0,1,3,
0,DV,2003,halfway,1441,4.3,0,0,3,
0,DV,2003,halfway,1443,3.4,0,0,3,
0,DV,2003,halfway,1446,3.1,0,1,3,
0,DV,2003,halfway,1447,4,0,0,3,
0,DV,2003,halfway,1449,3.9,1,0,3,
0,DV,2003,swamp,752,4.7,0,1,2,
0,DV,2003,swamp,753,3.8,1,0,2,
0,DV,2003,swamp,759,4.4,1,0,2,
0,DV,2003,swamp,760,5.4,0,1,2,
0,DV,2003,swamp,763,4.7,0,0,2,
0,DV,2003,swamp,765,3.9,0,0,2,
0,DV,2003,swamp,767,4.8,0,0,2,
0,DV,2003,swamp,771,3.8,0,0,2,
0,DV,2003,swamp,772,3.3,0,0,2,
0,DV,2003,swamp,774,5,0,1,2,
0,DV,2003,swamp,776,4.3,0,1,2,
0,DV,2003,swamp,780,4.3,0,0,2,
0,DV,2003,swamp,782,4.2,0,0,2,
0,DV,2003,swamp,787,5.4,0,1,2,
0,DV,2003,swamp,788,4.6,0,1,2,
0,DV,2003,swamp,790,4.1,1,1,2,
0,DV,2003,swamp,792,4.4,0,0,2,
0,DV,2003,swamp,800,4.7,0,1,2,
0,DV,2003,swamp,803,4.5,1,1,2,
0,DV,2003,swamp,810,4.1,0,0,2,
0,DV,2003,swamp,812,4.8,0,1,2,
0,DV,2003,swamp,814,5.2,0,1,2,
0,DV,2003,swamp,820,5,0,1,2,
0,DV,2003,swamp,823,4.3,1,1,2,
0,DV,2003,swamp,827,4,0,1,2,
0,DV,2003,swamp,829,4.4,1,1,2,
0,DV,2003,swamp,830,4.6,1,1,2,
0,DV,2003,swamp,831,4.3,1,1,2,
0,DV,2003,swamp,832,4.8,0,1,2,
0,DV,2003,swamp,838,4.5,0,1,2,
0,DV,2003,swamp,841,4.3,0,1,2,
0,DV,2003,swamp,842,4.4,1,1,2,
0,DV,2003,swamp,845,5.4,0,1,2,
0,DV,2003,swamp,846,5.1,0,1,2,
0,DV,2003,swamp,848,4,0,0,2,
0,DV,2003,swamp,850,4.7,0,0,2,
0,DV,2003,swamp,751,5.5,0,1,3,
0,DV,2003,swamp,754,4.8,0,1,3,
0,DV,2003,swamp,755,5.6,0,1,3,
0,DV,2003,swamp,756,4.5,0,1,3,
0,DV,2003,swamp,757,5.1,0,1,3,
0,DV,2003,swamp,758,4,0,0,3,
0,DV,2003,swamp,761,5.3,0,1,3,
0,DV,2003,swamp,769,4.2,0,0,3,
0,DV,2003,swamp,770,4.8,0,1,3,
0,DV,2003,swamp,778,5.2,0,1,3,
0,DV,2003,swamp,779,5.3,0,1,3,
0,DV,2003,swamp,781,4.9,0,1,3,
0,DV,2003,swamp,783,4.3,0,1,3,
0,DV,2003,swamp,785,4.9,0,1,3,
0,DV,2003,swamp,789,4.1,0,0,3,
0,DV,2003,swamp,791,5.4,0,1,3,
0,DV,2003,swamp,794,4.9,0,1,3,
0,DV,2003,swamp,796,4.9,0,1,3,
0,DV,2003,swamp,797,4.8,0,1,3,
0,DV,2003,swamp,798,5,0,1,3,
0,DV,2003,swamp,799,3.5,0,0,3,
0,DV,2003,swamp,801,4.8,0,0,3,
0,DV,2003,swamp,805,4.6,0,1,3,
0,DV,2003,swamp,806,4.3,0,0,3,
0,DV,2003,swamp,807,4.6,0,0,3,
0,DV,2003,swamp,809,4.8,0,1,3,
0,DV,2003,swamp,811,4.6,0,1,3,
0,DV,2003,swamp,816,4.7,0,1,3,
0,DV,2003,swamp,821,4,0,0,3,
0,DV,2003,swamp,825,4.8,0,1,3,
0,DV,2003,swamp,834,4.8,0,1,3,
0,DV,2003,swamp,840,4.3,0,0,3,
0,DV,2003,swamp,843,4.5,0,1,3,
0,DV,2003,swamp,844,3.7,0,0,3,
0,DV,2003,swamp,847,4.9,0,1,3,
0,DV,2003,swamp,849,3.7,0,0,3,
0,DV,2003,wpoint,1151,5.2,0,0,2,
0,DV,2003,wpoint,1152,4.8,0,0,2,
0,DV,2003,wpoint,1153,4.3,0,0,2,
0,DV,2003,wpoint,1154,3.8,1,0,2,
0,DV,2003,wpoint,1155,4.7,0,0,2,
0,DV,2003,wpoint,1156,4,1,0,2,
0,DV,2003,wpoint,1157,4.6,0,0,2,
0,DV,2003,wpoint,1159,4.2,1,0,2,
0,DV,2003,wpoint,1161,3.4,1,0,2,
0,DV,2003,wpoint,1162,4.3,0,0,2,
0,DV,2003,wpoint,1163,4.5,0,1,2,
0,DV,2003,wpoint,1164,3.8,0,0,2,
0,DV,2003,wpoint,1166,4,1,0,2,
0,DV,2003,wpoint,1168,4.7,0,0,2,
0,DV,2003,wpoint,1170,3.9,0,0,2,
0,DV,2003,wpoint,1171,4.5,0,1,2,
0,DV,2003,wpoint,1172,5.5,0,0,2,
0,DV,2003,wpoint,1173,4.4,0,0,2,
0,DV,2003,wpoint,1175,4.7,0,0,2,
0,DV,2003,wpoint,1177,4.4,0,0,2,
0,DV,2003,wpoint,1179,4.5,0,0,2,
0,DV,2003,wpoint,1181,4.2,1,0,2,
0,DV,2003,wpoint,1182,5,0,0,2,
0,DV,2003,wpoint,1183,4,0,0,2,
0,DV,2003,wpoint,1184,4.6,0,1,2,
0,DV,2003,wpoint,1186,4.6,0,1,2,
0,DV,2003,wpoint,1188,4.5,0,0,2,
0,DV,2003,wpoint,1190,4.6,0,1,2,
0,DV,2003,wpoint,1191,4.4,0,0,2,
0,DV,2003,wpoint,1192,3.9,1,0,2,
0,DV,2003,wpoint,1193,3.6,0,0,2,
0,DV,2003,wpoint,1195,5.2,0,0,2,
0,DV,2003,wpoint,1197,4.3,0,0,2,
0,DV,2003,wpoint,1199,4.3,0,0,2,
0,DV,2003,wpoint,1201,4.5,0,0,2,
0,DV,2003,wpoint,1202,3.4,0,0,2,
0,DV,2003,wpoint,1203,3.8,0,0,2,
0,DV,2003,wpoint,1204,4.3,0,0,2,
0,DV,2003,wpoint,1206,4,0,0,2,
0,DV,2003,wpoint,1208,3.6,1,0,2,
0,DV,2003,wpoint,1210,4.7,1,0,2,
0,DV,2003,wpoint,1211,4.1,1,0,2,
0,DV,2003,wpoint,1212,3.7,1,0,2,
0,DV,2003,wpoint,1213,4.5,0,0,2,
0,DV,2003,wpoint,1215,4.7,0,0,2,
0,DV,2003,wpoint,1217,4.2,1,0,2,
0,DV,2003,wpoint,1221,4.3,0,0,2,
0,DV,2003,wpoint,1222,3.9,1,0,2,
0,DV,2003,wpoint,1224,4.2,0,0,2,
0,DV,2003,wpoint,1226,4,1,0,2,
0,DV,2003,wpoint,1228,4,0,0,2,
0,DV,2003,wpoint,1230,3.5,0,0,2,
0,DV,2003,wpoint,1231,4.1,0,0,2,
0,DV,2003,wpoint,1232,4,1,1,2,
0,DV,2003,wpoint,1233,3.6,0,0,2,
0,DV,2003,wpoint,1235,4.1,1,0,2,
0,DV,2003,wpoint,1237,4.2,0,0,2,
0,DV,2003,wpoint,1239,3.7,0,0,2,
0,DV,2003,wpoint,1242,4.5,0,0,2,
0,DV,2003,wpoint,1243,3.9,1,0,2,
0,DV,2003,wpoint,1244,3.7,1,1,2,
0,DV,2003,wpoint,1246,4.4,0,0,2,
0,DV,2003,wpoint,1248,4.7,0,0,2,
0,DV,2003,wpoint,1249,4.1,1,1,2,
0,DV,2003,wpoint,1250,4.7,0,1,2,
0,DV,2003,wpoint,1219,4.4,0,0,3,
0,DV,2004,camp,1951,3.7,0,1,2,
0,DV,2004,camp,1952,3.6,0,0,2,
0,DV,2004,camp,1954,3.7,1,0,2,
0,DV,2004,camp,1955,3.7,0,0,2,
0,DV,2004,camp,1956,4.9,0,0,2,
0,DV,2004,camp,1958,5.1,0,1,2,
0,DV,2004,camp,1961,4.1,1,1,2,
0,DV,2004,camp,1962,3.7,1,1,2,
0,DV,2004,camp,1963,4.2,1,0,2,
0,DV,2004,camp,1965,4.1,0,0,2,
0,DV,2004,camp,1966,4.6,0,0,2,
0,DV,2004,camp,1967,3.7,1,0,2,
0,DV,2004,camp,1968,4.6,0,0,2,
0,DV,2004,camp,1969,5,0,1,2,
0,DV,2004,camp,1970,3.7,1,0,2,
0,DV,2004,camp,1971,4.5,0,0,2,
0,DV,2004,camp,1972,4,1,0,2,
0,DV,2004,camp,1973,3.8,1,0,2,
0,DV,2004,camp,1975,4.6,0,0,2,
0,DV,2004,camp,1976,4.1,0,1,2,
0,DV,2004,camp,1977,4.5,0,0,2,
0,DV,2004,camp,1978,4.6,0,1,2,
0,DV,2004,camp,1979,4.6,0,1,2,
0,DV,2004,camp,1980,3.7,1,0,2,
0,DV,2004,camp,1981,4.7,0,1,2,
0,DV,2004,camp,1982,4.6,0,0,2,
0,DV,2004,camp,1983,4.2,1,1,2,
0,DV,2004,camp,1984,3.2,1,0,2,
0,DV,2004,camp,1985,4.2,0,0,2,
0,DV,2004,camp,1987,4.3,0,0,2,
0,DV,2004,camp,1988,4.2,0,0,2,
0,DV,2004,camp,1989,4.7,0,1,2,
0,DV,2004,camp,1991,5.5,1,1,2,
0,DV,2004,camp,1994,4.5,0,1,2,
0,DV,2004,camp,1995,5,0,0,2,
0,DV,2004,camp,1996,4.9,0,0,2,
0,DV,2004,camp,1997,5,0,1,2,
0,DV,2004,camp,1999,4.6,1,0,2,
0,DV,2004,camp,2000,4,0,0,2,
0,DV,2004,camp,2001,3.6,0,0,2,
0,DV,2004,camp,2002,4.9,0,1,2,
0,DV,2004,camp,2003,4,0,0,2,
0,DV,2004,camp,2004,4.6,0,0,2,
0,DV,2004,camp,2006,3.5,0,0,2,
0,DV,2004,camp,2009,4.2,1,0,2,
0,DV,2004,camp,2010,4.3,0,0,2,
0,DV,2004,camp,2011,3.9,1,0,2,
0,DV,2004,camp,2012,4.9,0,1,2,
0,DV,2004,camp,2013,4.4,1,1,2,
0,DV,2004,camp,2014,3.9,1,0,2,
0,DV,2004,camp,2017,4.5,0,0,2,
0,DV,2004,camp,2018,4.5,0,0,2,
0,DV,2004,camp,2019,4.2,0,0,2,
0,DV,2004,camp,2020,4.1,1,0,2,
0,DV,2004,camp,2022,4,1,0,2,
0,DV,2004,camp,2023,4.1,1,1,2,
0,DV,2004,camp,2025,5,0,1,2,
0,DV,2004,camp,2026,3.3,1,0,2,
0,DV,2004,camp,2027,4,0,1,2,
0,DV,2004,camp,2029,3.9,0,0,2,
0,DV,2004,camp,2030,3.1,1,0,2,
0,DV,2004,camp,2031,3,0,0,2,
0,DV,2004,camp,2032,3.5,1,0,2,
0,DV,2004,camp,2033,4.9,0,1,2,
0,DV,2004,camp,2034,4.1,1,0,2,
0,DV,2004,camp,2035,3.9,1,0,2,
0,DV,2004,camp,2038,3.7,1,1,2,
0,DV,2004,camp,2039,3.1,0,0,2,
0,DV,2004,camp,2040,4.5,0,1,2,
0,DV,2004,camp,2041,4.2,1,1,2,
0,DV,2004,camp,2042,4,0,0,2,
0,DV,2004,camp,2043,4.6,0,1,2,
0,DV,2004,camp,2044,4.7,0,0,2,
0,DV,2004,camp,2045,5.2,0,1,2,
0,DV,2004,camp,2047,4.7,0,1,2,
0,DV,2004,camp,2048,5,1,1,2,
0,DV,2004,camp,2049,3.2,0,0,2,
0,DV,2004,camp,2051,3.6,1,0,2,
0,DV,2004,camp,1959,4.5,0,0,3,
0,DV,2004,camp,1960,4.6,0,1,3,
0,DV,2004,camp,1964,4.4,0,1,3,
0,DV,2004,camp,1974,4.5,0,1,3,
0,DV,2004,camp,1986,4.2,0,1,3,
0,DV,2004,camp,1992,5,0,1,3,
0,DV,2004,camp,1993,4.7,0,1,3,
0,DV,2004,camp,1998,4.9,0,1,3,
0,DV,2004,camp,2005,4.7,0,0,3,
0,DV,2004,camp,2007,4.5,0,0,3,
0,DV,2004,camp,2008,4.6,0,1,3,
0,DV,2004,camp,2015,5.4,0,1,3,
0,DV,2004,camp,2016,5.3,0,1,3,
0,DV,2004,camp,2021,4.2,0,1,3,
0,DV,2004,camp,2024,5.1,0,1,3,
0,DV,2004,camp,2028,4,0,0,3,
0,DV,2004,camp,2036,5,0,1,3,
0,DV,2004,camp,2037,4.9,0,1,3,
0,DV,2004,camp,2046,5.2,0,1,3,
0,DV,2004,camp,2050,4.6,0,1,3,
0,DV,2004,halfway,1451,3.4,0,0,2,
0,DV,2004,halfway,1452,4.2,0,0,2,
0,DV,2004,halfway,1453,4.7,1,1,2,
0,DV,2004,halfway,1454,3.5,0,0,2,
0,DV,2004,halfway,1455,3.3,1,1,2,
0,DV,2004,halfway,1456,4.3,0,1,2,
0,DV,2004,halfway,1458,4.2,0,1,2,
0,DV,2004,halfway,1460,3.4,0,1,2,
0,DV,2004,halfway,1461,4.2,0,0,2,
0,DV,2004,halfway,1463,3.8,1,1,2,
0,DV,2004,halfway,1464,4.7,1,0,2,
0,DV,2004,halfway,1469,3.9,0,0,2,
0,DV,2004,halfway,1471,3.8,1,0,2,
0,DV,2004,halfway,1478,3.5,0,1,2,
0,DV,2004,halfway,1479,2.9,0,0,2,
0,DV,2004,halfway,1480,4,0,1,2,
0,DV,2004,halfway,1482,4.5,0,1,2,
0,DV,2004,halfway,1487,3.5,1,0,2,
0,DV,2004,halfway,1490,4,1,1,2,
0,DV,2004,halfway,1492,3.5,0,0,2,
0,DV,2004,halfway,1494,4.7,0,1,2,
0,DV,2004,halfway,1495,4.6,0,0,2,
0,DV,2004,halfway,1497,4.6,0,1,2,
0,DV,2004,halfway,1498,4.4,1,1,2,
0,DV,2004,halfway,1504,4.2,0,1,2,
0,DV,2004,halfway,1505,4.2,0,0,2,
0,DV,2004,halfway,1509,4.5,0,1,2,
0,DV,2004,halfway,1511,4.4,0,0,2,
0,DV,2004,halfway,1514,3.6,1,1,2,
0,DV,2004,halfway,1517,4.5,0,0,2,
0,DV,2004,halfway,1519,4,1,0,2,
0,DV,2004,halfway,1523,4.2,1,0,2,
0,DV,2004,halfway,1525,4,0,0,2,
0,DV,2004,halfway,1529,3.7,0,0,2,
0,DV,2004,halfway,1531,4,1,1,2,
0,DV,2004,halfway,1532,3.9,1,0,2,
0,DV,2004,halfway,1533,2.8,0,1,2,
0,DV,2004,halfway,1534,3.2,0,0,2,
0,DV,2004,halfway,1535,3.6,0,0,2,
0,DV,2004,halfway,1537,4,0,0,2,
0,DV,2004,halfway,1539,3.2,0,0,2,
0,DV,2004,halfway,1559,4.5,0,1,2,
0,DV,2004,halfway,1462,4.1,0,0,3,
0,DV,2004,halfway,1465,4.2,0,0,3,
0,DV,2004,halfway,1467,4.3,0,1,3,
0,DV,2004,halfway,1470,5,0,1,3,
0,DV,2004,halfway,1473,3.8,0,0,3,
0,DV,2004,halfway,1474,4.1,0,0,3,
0,DV,2004,halfway,1475,4.5,0,1,3,
0,DV,2004,halfway,1477,3.6,0,1,3,
0,DV,2004,halfway,1484,3.6,0,0,3,
0,DV,2004,halfway,1493,4.5,0,1,3,
0,DV,2004,halfway,1507,4.7,0,0,3,
0,DV,2004,halfway,1508,4,0,0,3,
0,DV,2004,halfway,1510,4.2,0,0,3,
0,DV,2004,halfway,1520,3.4,0,1,3,
0,DV,2004,halfway,1521,4.3,0,0,3,
0,DV,2004,halfway,1522,3.9,0,0,3,
0,DV,2004,halfway,1528,4,0,0,3,
0,DV,2004,halfway,1541,3.5,0,1,3,
0,DV,2004,halfway,1542,3.7,0,0,3,
0,DV,2004,halfway,1543,4.7,0,1,3,
0,DV,2004,halfway,1549,4.7,0,1,3,
0,DV,2004,halfway,1552,4.3,0,1,3,
0,DV,2004,halfway,1553,4.5,0,1,3,
0,DV,2004,halfway,1554,4.7,0,1,3,
0,DV,2004,halfway,1557,4.5,0,1,3,
0,DV,2004,swamp,1751,4.3,1,1,2,
0,DV,2004,swamp,1752,4.1,1,0,2,
0,DV,2004,swamp,1753,4.5,0,1,2,
0,DV,2004,swamp,1754,4.5,0,0,2,
0,DV,2004,swamp,1755,4.5,0,0,2,
0,DV,2004,swamp,1756,4.6,0,1,2,
0,DV,2004,swamp,1757,4.6,1,1,2,
0,DV,2004,swamp,1758,4.3,1,1,2,
0,DV,2004,swamp,1760,5.4,0,1,2,
0,DV,2004,swamp,1761,3.9,1,0,2,
0,DV,2004,swamp,1763,4,0,0,2,
0,DV,2004,swamp,1764,4.8,0,1,2,
0,DV,2004,swamp,1765,4.9,0,1,2,
0,DV,2004,swamp,1768,4.8,0,1,2,
0,DV,2004,swamp,1769,4.3,0,0,2,
0,DV,2004,swamp,1770,5.3,0,1,2,
0,DV,2004,swamp,1771,4.2,1,1,2,
0,DV,2004,swamp,1773,4.5,0,1,2,
0,DV,2004,swamp,1774,4.6,1,1,2,
0,DV,2004,swamp,1775,4.3,1,0,2,
0,DV,2004,swamp,1776,4.7,0,1,2,
0,DV,2004,swamp,1778,4.5,0,1,2,
0,DV,2004,swamp,1779,3.5,1,1,2,
0,DV,2004,swamp,1780,4.2,1,1,2,
0,DV,2004,swamp,1781,4.6,0,1,2,
0,DV,2004,swamp,1784,4.7,0,1,2,
0,DV,2004,swamp,1787,4.4,0,0,2,
0,DV,2004,swamp,1788,4.7,0,0,2,
0,DV,2004,swamp,1789,3.2,0,1,2,
0,DV,2004,swamp,1790,4.1,1,1,2,
0,DV,2004,swamp,1791,4.4,0,0,2,
0,DV,2004,swamp,1793,4,0,1,2,
0,DV,2004,swamp,1794,5,0,1,2,
0,DV,2004,swamp,1795,4.7,0,1,2,
0,DV,2004,swamp,1796,5.4,0,0,2,
0,DV,2004,swamp,1798,4.3,1,1,2,
0,DV,2004,swamp,1799,4.4,0,1,2,
0,DV,2004,swamp,1800,4.8,0,1,2,
0,DV,2004,swamp,1801,3.7,0,1,2,
0,DV,2004,swamp,1802,3.3,0,0,2,
0,DV,2004,swamp,1803,4.7,1,1,2,
0,DV,2004,swamp,1804,4.5,0,1,2,
0,DV,2004,swamp,1805,4.1,1,1,2,
0,DV,2004,swamp,1806,3.2,0,1,2,
0,DV,2004,swamp,1807,5.1,0,0,2,
0,DV,2004,swamp,1808,4.5,1,1,2,
0,DV,2004,swamp,1809,4.2,1,0,2,
0,DV,2004,swamp,1810,4.1,0,1,2,
0,DV,2004,swamp,1811,3.9,1,0,2,
0,DV,2004,swamp,1812,4.5,0,1,2,
0,DV,2004,swamp,1813,3.8,1,0,2,
0,DV,2004,swamp,1815,3.3,0,0,2,
0,DV,2004,swamp,1816,4,1,1,2,
0,DV,2004,swamp,1817,4.3,1,0,2,
0,DV,2004,swamp,1818,4.5,0,1,2,
0,DV,2004,swamp,1819,5.4,0,1,2,
0,DV,2004,swamp,1820,4.6,1,0,2,
0,DV,2004,swamp,1822,5.1,0,1,2,
0,DV,2004,swamp,1823,3.4,1,1,2,
0,DV,2004,swamp,1824,5.6,0,1,2,
0,DV,2004,swamp,1825,5,0,1,2,
0,DV,2004,swamp,1826,4.1,1,1,2,
0,DV,2004,swamp,1827,4.6,0,1,2,
0,DV,2004,swamp,1828,4.3,1,1,2,
0,DV,2004,swamp,1829,5,0,1,2,
0,DV,2004,swamp,1832,4.3,1,1,2,
0,DV,2004,swamp,1834,4.8,1,1,2,
0,DV,2004,swamp,1835,5.5,0,1,2,
0,DV,2004,swamp,1836,4.7,0,1,2,
0,DV,2004,swamp,1837,4.7,0,1,2,
0,DV,2004,swamp,1838,4.8,0,1,2,
0,DV,2004,swamp,1840,3.6,1,1,2,
0,DV,2004,swamp,1841,4.1,0,0,2,
0,DV,2004,swamp,1842,5.1,0,1,2,
0,DV,2004,swamp,1844,4.7,0,1,2,
0,DV,2004,swamp,1845,4.2,0,1,2,
0,DV,2004,swamp,1846,4.6,0,1,2,
0,DV,2004,swamp,1847,4.6,1,1,2,
0,DV,2004,swamp,1849,3.3,1,0,2,
0,DV,2004,swamp,1850,4.2,1,0,2,
0,DV,2004,swamp,1759,4.5,0,0,3,
0,DV,2004,swamp,1762,4.9,0,1,3,
0,DV,2004,swamp,1766,4.6,0,1,3,
0,DV,2004,swamp,1767,4.8,0,0,3,
0,DV,2004,swamp,1772,4.6,0,1,3,
0,DV,2004,swamp,1777,4.2,0,1,3,
0,DV,2004,swamp,1782,4.5,0,1,3,
0,DV,2004,swamp,1783,5,0,1,3,
0,DV,2004,swamp,1785,4,0,1,3,
0,DV,2004,swamp,1786,4.1,0,1,3,
0,DV,2004,swamp,1792,4.3,0,1,3,
0,DV,2004,swamp,1797,3.7,0,0,3,
0,DV,2004,swamp,1814,5.5,0,1,3,
0,DV,2004,swamp,1821,4.6,0,1,3,
0,DV,2004,swamp,1830,5.2,0,1,3,
0,DV,2004,swamp,1831,4.8,0,1,3,
0,DV,2004,swamp,1833,4.4,0,1,3,
0,DV,2004,swamp,1839,4.9,0,1,3,
0,DV,2004,swamp,1843,4.5,0,1,3,
0,DV,2004,wpoint,1653,5.1,0,0,2,
0,DV,2004,wpoint,1654,4.5,0,0,2,
0,DV,2004,wpoint,1655,4,0,0,2,
0,DV,2004,wpoint,1656,4.3,0,0,2,
0,DV,2004,wpoint,1658,4.3,1,0,2,
0,DV,2004,wpoint,1660,5.1,0,1,2,
0,DV,2004,wpoint,1661,4.5,0,0,2,
0,DV,2004,wpoint,1662,4.1,1,0,2,
0,DV,2004,wpoint,1663,4.1,0,0,2,
0,DV,2004,wpoint,1666,4.4,0,0,2,
0,DV,2004,wpoint,1667,5.2,0,0,2,
0,DV,2004,wpoint,1668,4.4,1,0,2,
0,DV,2004,wpoint,1669,4.5,0,0,2,
0,DV,2004,wpoint,1670,4.7,0,0,2,
0,DV,2004,wpoint,1671,3.9,0,1,2,
0,DV,2004,wpoint,1672,3,0,0,2,
0,DV,2004,wpoint,1676,4.2,0,0,2,
0,DV,2004,wpoint,1678,3.7,1,1,2,
0,DV,2004,wpoint,1680,4.1,1,1,2,
0,DV,2004,wpoint,1685,3.9,1,1,2,
0,DV,2004,wpoint,1688,4.1,1,1,2,
0,DV,2004,wpoint,1690,4.3,1,1,2,
0,DV,2004,wpoint,1693,4.6,0,0,2,
0,DV,2004,wpoint,1696,4.2,1,0,2,
0,DV,2004,wpoint,1698,4.1,0,0,2,
0,DV,2004,wpoint,1702,4.2,1,1,2,
0,DV,2004,wpoint,1705,4.2,1,1,2,
0,DV,2004,wpoint,1706,4.6,0,0,2,
0,DV,2004,wpoint,1707,4.7,0,0,2,
0,DV,2004,wpoint,1709,4.2,1,0,2,
0,DV,2004,wpoint,1710,3.6,1,0,2,
0,DV,2004,wpoint,1711,4.2,0,0,2,
0,DV,2004,wpoint,1712,4.7,0,0,2,
0,DV,2004,wpoint,1713,4.6,0,0,2,
0,DV,2004,wpoint,1715,3.5,0,1,2,
0,DV,2004,wpoint,1717,4.4,0,0,2,
0,DV,2004,wpoint,1718,4.8,0,0,2,
0,DV,2004,wpoint,1719,4.7,0,0,2,
0,DV,2004,wpoint,1720,4.2,1,1,2,
0,DV,2004,wpoint,1722,4.2,1,0,2,
0,DV,2004,wpoint,1723,3.9,1,1,2,
0,DV,2004,wpoint,1724,3.9,1,1,2,
0,DV,2004,wpoint,1726,4.9,0,0,2,
0,DV,2004,wpoint,1728,3.6,1,0,2,
0,DV,2004,wpoint,1729,3.7,1,0,2,
0,DV,2004,wpoint,1730,3.8,1,0,2,
0,DV,2004,wpoint,1731,4.7,0,0,2,
0,DV,2004,wpoint,1732,4.8,0,1,2,
0,DV,2004,wpoint,1733,4.2,0,0,2,
0,DV,2004,wpoint,1734,4,0,0,2,
0,DV,2004,wpoint,1735,5,0,0,2,
0,DV,2004,wpoint,1736,4.8,0,0,2,
0,DV,2004,wpoint,1738,4,0,0,2,
0,DV,2004,wpoint,1739,4.1,1,0,2,
0,DV,2004,wpoint,1740,3.5,0,0,2,
0,DV,2004,wpoint,1741,4.1,1,0,2,
0,DV,2004,wpoint,1742,4,0,0,2,
0,DV,2004,wpoint,1743,3.8,1,0,2,
0,DV,2004,wpoint,1744,4.6,0,0,2,
0,DV,2004,wpoint,1745,4.6,0,0,2,
0,DV,2004,wpoint,1748,4.8,0,0,2,
0,DV,2004,wpoint,1749,4.1,1,1,2,
0,DV,2004,wpoint,1750,4.2,0,0,2,
0,DV,2004,wpoint,1691,4.3,1,0,3,
0,DV,2004,wpoint,1701,3.2,0,0,3,
0,DV,2005,camp,28-84,3.9,1,0,2,
0,DV,2005,camp,28-87,4.2,0,0,2,
0,DV,2005,camp,28-90,4.7,0,0,2,
0,DV,2005,camp,28-92,3.2,0,0,2,
0,DV,2005,camp,28-95,4.5,1,0,2,
0,DV,2005,camp,28-96,5,0,1,2,
0,DV,2005,camp,28-97,4.6,0,1,2,
0,DV,2005,camp,28-98,3.9,0,1,2,
0,DV,2005,camp,29-2,4.5,0,0,2,
0,DV,2005,camp,29-3,4.2,0,0,2,
0,DV,2005,camp,29-6,4.4,0,0,2,
0,DV,2005,camp,29-8,4.5,1,0,2,
0,DV,2005,camp,29-9,3.9,0,0,2,
0,DV,2005,camp,29-10,4.2,1,0,2,
0,DV,2005,camp,29-11,4,1,0,2,
0,DV,2005,camp,29-14,3.7,0,0,2,
0,DV,2005,camp,29-15,3.4,0,0,2,
0,DV,2005,camp,29-16,4.2,0,0,2,
0,DV,2005,camp,29-17,3.5,0,0,2,
0,DV,2005,camp,29-19,3.4,0,0,2,
0,DV,2005,camp,29-20,4.6,0,0,2,
0,DV,2005,camp,29-21,4,0,0,2,
0,DV,2005,camp,29-22,3.9,1,0,2,
0,DV,2005,camp,29-23,4.6,0,1,2,
0,DV,2005,camp,29-24,4.4,0,0,2,
0,DV,2005,camp,29-25,4.4,1,1,2,
0,DV,2005,camp,29-26,3.6,1,0,2,
0,DV,2005,camp,29-28,4.5,1,1,2,
0,DV,2005,camp,29-29,4.4,1,0,2,
0,DV,2005,camp,29-30,4.4,0,0,2,
0,DV,2005,camp,29-33,3.8,1,1,2,
0,DV,2005,camp,29-34,4,0,0,2,
0,DV,2005,camp,29-35,4.1,0,0,2,
0,DV,2005,camp,29-36,4.2,0,0,2,
0,DV,2005,camp,29-37,3.5,0,0,2,
0,DV,2005,camp,29-38,3.9,1,0,2,
0,DV,2005,camp,29-42,4.2,0,0,2,
0,DV,2005,camp,29-43,5.5,0,1,2,
0,DV,2005,camp,29-45,4.2,0,0,2,
0,DV,2005,camp,29-48,4,1,0,2,
0,DV,2005,camp,29-50,3.6,0,0,2,
0,DV,2005,camp,32-1,4,1,0,2,
0,DV,2005,camp,32-2,5.2,0,0,2,
0,DV,2005,camp,32-3,5.2,0,1,2,
0,DV,2005,camp,32-4,4.8,0,0,2,
0,DV,2005,camp,32-5,4,1,0,2,
0,DV,2005,camp,32-8,4.3,1,0,2,
0,DV,2005,camp,32-9,4.5,1,1,2,
0,DV,2005,camp,32-10,4,1,0,2,
0,DV,2005,camp,32-11,3.2,1,0,2,
0,DV,2005,camp,32-15,4.5,1,0,2,
0,DV,2005,camp,32-17,4.5,0,0,2,
0,DV,2005,camp,32-18,4.3,0,1,2,
0,DV,2005,camp,32-19,5.2,0,0,2,
0,DV,2005,camp,32-20,4,0,1,2,
0,DV,2005,camp,32-21,4.8,0,1,2,
0,DV,2005,camp,32-22,4.3,0,0,2,
0,DV,2005,camp,32-23,4,0,0,2,
0,DV,2005,camp,32-25,4.4,0,1,2,
0,DV,2005,camp,32-27,4.5,0,1,2,
0,DV,2005,camp,32-28,5.1,0,1,2,
0,DV,2005,camp,32-29,3.1,0,0,2,
0,DV,2005,camp,32-31,4.6,0,0,2,
0,DV,2005,camp,32-37,3.2,0,0,2,
0,DV,2005,camp,32-39,4.8,0,0,2,
0,DV,2005,camp,32-40,3.2,0,1,2,
0,DV,2005,camp,32-41,4,1,0,2,
0,DV,2005,camp,32-42,4.8,0,0,2,
0,DV,2005,camp,32-45,3.4,0,0,2,
0,DV,2005,camp,32-46,3.2,0,1,2,
0,DV,2005,camp,32-49,4.3,1,1,2,
0,DV,2005,camp,32-50,3.6,0,0,2,
0,DV,2005,camp,32-51,4.7,0,0,2,
0,DV,2005,camp,32-52,3.7,0,0,2,
0,DV,2005,camp,32-53,3.9,1,0,2,
0,DV,2005,camp,32-54,4.3,0,1,2,
0,DV,2005,camp,32-55,4,1,1,2,
0,DV,2005,camp,32-56,3.1,0,0,2,
0,DV,2005,camp,32-58,3.9,0,0,2,
0,DV,2005,camp,32-59,3.2,1,0,2,
0,DV,2005,camp,28-94,4.2,0,1,3,
0,DV,2005,camp,29-1,4.2,0,0,3,
0,DV,2005,camp,29-5,4.8,0,1,3,
0,DV,2005,camp,29-13,3.2,0,0,3,
0,DV,2005,camp,29-18,4,0,0,3,
0,DV,2005,camp,29-27,3.9,0,0,3,
0,DV,2005,camp,29-40,3.6,0,0,3,
0,DV,2005,camp,29-44,4.4,0,0,3,
0,DV,2005,camp,32-6,4.2,0,0,3,
0,DV,2005,camp,32-7,4,0,1,3,
0,DV,2005,camp,32-12,4,0,0,3,
0,DV,2005,camp,32-13,4.6,0,1,3,
0,DV,2005,camp,32-14,5,0,1,3,
0,DV,2005,camp,32-16,3.2,0,0,3,
0,DV,2005,camp,32-24,4.2,0,0,3,
0,DV,2005,camp,32-26,3.9,0,0,3,
0,DV,2005,camp,32-30,4.1,0,0,3,
0,DV,2005,camp,32-32,3.6,0,0,3,
0,DV,2005,camp,32-38,4,1,0,3,
0,DV,2005,camp,32-43,3.2,0,0,3,
0,DV,2005,camp,32-44,3.5,0,0,3,
0,DV,2005,camp,32-47,3.1,0,0,3,
0,DV,2005,camp,32-48,3.8,0,0,3,
0,DV,2005,camp,32-57,4.1,0,0,3,
0,DV,2005,camp,32-60,3.7,0,0,3,
0,DV,2005,halfway,31-26,4.2,1,0,2,
0,DV,2005,halfway,31-27,4.6,0,1,2,
0,DV,2005,halfway,31-29,4.5,0,0,2,
0,DV,2005,halfway,31-30,3.7,1,0,2,
0,DV,2005,halfway,31-31,5.2,0,1,2,
0,DV,2005,halfway,31-32,4,1,1,2,
0,DV,2005,halfway,31-34,4.2,0,1,2,
0,DV,2005,halfway,31-38,4.6,0,0,2,
0,DV,2005,halfway,31-39,4.8,0,0,2,
0,DV,2005,halfway,31-41,3.8,1,0,2,
0,DV,2005,halfway,31-42,4.5,0,1,2,
0,DV,2005,halfway,31-43,4.8,1,1,2,
0,DV,2005,halfway,31-44,4.5,0,0,2,
0,DV,2005,halfway,31-46,4.4,1,1,2,
0,DV,2005,halfway,31-47,4.1,0,0,2,
0,DV,2005,halfway,31-48,4.4,0,0,2,
0,DV,2005,halfway,31-49,4.5,0,0,2,
0,DV,2005,halfway,31-53,4,1,1,2,
0,DV,2005,halfway,31-54,4.2,0,0,2,
0,DV,2005,halfway,31-55,4.5,0,1,2,
0,DV,2005,halfway,31-56,4.3,0,0,2,
0,DV,2005,halfway,31-57,3.4,0,0,2,
0,DV,2005,halfway,31-58,4.4,0,1,2,
0,DV,2005,halfway,31-59,3.3,0,1,2,
0,DV,2005,halfway,31-61,4.1,0,0,2,
0,DV,2005,halfway,31-62,4.6,0,1,2,
0,DV,2005,halfway,31-63,4.6,0,0,2,
0,DV,2005,halfway,31-64,3.8,0,0,2,
0,DV,2005,halfway,31-66,4.3,1,0,2,
0,DV,2005,halfway,31-68,4.4,0,0,2,
0,DV,2005,halfway,31-71,4.2,0,0,2,
0,DV,2005,halfway,31-72,4.5,0,0,2,
0,DV,2005,halfway,31-73,5.5,0,1,2,
0,DV,2005,halfway,31-74,5.2,0,1,2,
0,DV,2005,halfway,31-76,4.2,0,0,2,
0,DV,2005,halfway,31-77,4.2,1,1,2,
0,DV,2005,halfway,31-78,4,0,0,2,
0,DV,2005,halfway,31-79,4.9,0,1,2,
0,DV,2005,halfway,31-83,3.7,1,1,2,
0,DV,2005,halfway,31-84,4.5,0,1,2,
0,DV,2005,halfway,31-86,4.5,0,1,2,
0,DV,2005,halfway,31-87,4.5,0,1,2,
0,DV,2005,halfway,31-90,4.5,0,0,2,
0,DV,2005,halfway,31-91,5,0,0,2,
0,DV,2005,halfway,31-97,3.5,0,1,2,
0,DV,2005,halfway,31-100,4,1,0,2,
0,DV,2005,halfway,31-24,4,0,0,3,
0,DV,2005,halfway,31-25,4.3,0,1,3,
0,DV,2005,halfway,31-28,3.8,0,0,3,
0,DV,2005,halfway,31-33,4,0,0,3,
0,DV,2005,halfway,31-35,4.1,0,0,3,
0,DV,2005,halfway,31-36,3.7,1,1,3,
0,DV,2005,halfway,31-37,4.6,0,0,3,
0,DV,2005,halfway,31-40,4.8,0,0,3,
0,DV,2005,halfway,31-45,4.9,0,0,3,
0,DV,2005,halfway,31-50,5,0,0,3,
0,DV,2005,halfway,31-51,4.6,0,1,3,
0,DV,2005,halfway,31-52,4.5,0,0,3,
0,DV,2005,halfway,31-60,4.6,0,0,3,
0,DV,2005,halfway,31-65,4,0,0,3,
0,DV,2005,halfway,31-67,4.6,0,0,3,
0,DV,2005,halfway,31-69,3.8,0,0,3,
0,DV,2005,halfway,31-70,4.2,0,1,3,
0,DV,2005,halfway,31-75,4.2,0,0,3,
0,DV,2005,halfway,31-80,4.6,0,0,3,
0,DV,2005,halfway,31-81,4.1,0,0,3,
0,DV,2005,halfway,31-82,4.7,0,0,3,
0,DV,2005,halfway,31-85,4.1,0,0,3,
0,DV,2005,halfway,31-88,4,0,1,3,
0,DV,2005,halfway,31-89,4.1,0,0,3,
0,DV,2005,halfway,31-92,5,0,0,3,
0,DV,2005,halfway,31-93,4.5,0,0,3,
0,DV,2005,halfway,31-94,3.6,0,0,3,
0,DV,2005,halfway,31-95,4.5,0,0,3,
0,DV,2005,halfway,31-96,4.5,0,0,3,
0,DV,2005,halfway,31-98,4.5,0,0,3,
0,DV,2005,halfway,31-99,4.2,0,0,3,
0,DV,2005,swamp,27-61,5,0,1,2,
0,DV,2005,swamp,27-62,4.4,0,1,2,
0,DV,2005,swamp,27-63,4.1,0,0,2,
0,DV,2005,swamp,27-67,4.2,0,1,2,
0,DV,2005,swamp,27-68,4.1,0,1,2,
0,DV,2005,swamp,27-69,4.7,0,1,2,
0,DV,2005,swamp,27-72,5,0,1,2,
0,DV,2005,swamp,27-73,3.2,0,1,2,
0,DV,2005,swamp,27-74,4.9,0,1,2,
0,DV,2005,swamp,27-75,5,0,1,2,
0,DV,2005,swamp,27-76,4.7,0,1,2,
0,DV,2005,swamp,27-80,4.9,0,1,2,
0,DV,2005,swamp,27-81,4.6,0,1,2,
0,DV,2005,swamp,27-82,4,0,1,2,
0,DV,2005,swamp,27-84,4.5,0,1,2,
0,DV,2005,swamp,27-86,4.9,1,0,2,
0,DV,2005,swamp,27-87,4.9,0,1,2,
0,DV,2005,swamp,27-90,4.6,0,1,2,
0,DV,2005,swamp,27-92,4.5,0,0,2,
0,DV,2005,swamp,27-93,4.5,0,1,2,
0,DV,2005,swamp,27-96,5.6,0,1,2,
0,DV,2005,swamp,27-97,4.5,0,1,2,
0,DV,2005,swamp,27-98,4.3,0,1,2,
0,DV,2005,swamp,27-99,4.9,0,1,2,
0,DV,2005,swamp,27-100,4,0,1,2,
0,DV,2005,swamp,33-17,4.1,1,1,2,
0,DV,2005,swamp,33-20,4.1,1,0,2,
0,DV,2005,swamp,33-21,4.5,1,1,2,
0,DV,2005,swamp,33-22,5.1,0,1,2,
0,DV,2005,swamp,33-24,4.6,0,0,2,
0,DV,2005,swamp,33-25,4.3,0,1,2,
0,DV,2005,swamp,33-29,4.4,0,0,2,
0,DV,2005,swamp,33-31,4.5,0,1,2,
0,DV,2005,swamp,33-32,3.9,0,0,2,
0,DV,2005,swamp,33-43,4.1,1,0,2,
0,DV,2005,swamp,33-48,4.1,1,1,2,
0,DV,2005,swamp,33-50,4.3,0,1,2,
0,DV,2005,swamp,33-53,4.3,0,1,2,
0,DV,2005,swamp,33-54,4.3,0,1,2,
0,DV,2005,swamp,33-57,4,0,1,2,
0,DV,2005,swamp,33-58,3.6,0,0,2,
0,DV,2005,swamp,33-59,3.6,1,1,2,
0,DV,2005,swamp,33-60,4.1,0,0,2,
0,DV,2005,swamp,33-64,4.2,0,1,2,
0,DV,2005,swamp,33-69,5.1,0,1,2,
0,DV,2005,swamp,33-73,4.9,0,1,2,
0,DV,2005,swamp,33-82,3.6,0,0,2,
0,DV,2005,swamp,33-83,4.6,0,1,2,
0,DV,2005,swamp,33-84,4,1,1,2,
0,DV,2005,swamp,33-86,5.1,0,1,2,
0,DV,2005,swamp,33-89,4.8,0,0,2,
0,DV,2005,swamp,33-90,4.9,0,1,2,
0,DV,2005,swamp,33-91,4.4,0,1,2,
0,DV,2005,swamp,33-98,4.1,1,1,2,
0,DV,2005,swamp,27-64,5,0,0,3,
0,DV,2005,swamp,27-65,3.3,0,1,3,
0,DV,2005,swamp,27-66,4.9,0,1,3,
0,DV,2005,swamp,27-70,4.5,0,0,3,
0,DV,2005,swamp,27-71,5,0,1,3,
0,DV,2005,swamp,27-77,4.9,0,1,3,
0,DV,2005,swamp,27-78,4.5,0,1,3,
0,DV,2005,swamp,27-79,5.1,0,1,3,
0,DV,2005,swamp,27-83,4,0,0,3,
0,DV,2005,swamp,27-88,4.6,0,0,3,
0,DV,2005,swamp,27-89,4.2,0,1,3,
0,DV,2005,swamp,27-91,4,0,0,3,
0,DV,2005,swamp,27-94,3.9,0,0,3,
0,DV,2005,swamp,27-95,4.2,0,0,3,
0,DV,2005,swamp,33-23,5,0,1,3,
0,DV,2005,swamp,33-34,3.5,0,0,3,
0,DV,2005,swamp,33-52,5,0,1,3,
0,DV,2005,swamp,33-70,4.5,0,1,3,
0,DV,2005,swamp,33-76,4.3,0,1,3,
0,DV,2005,swamp,33-93,3.7,0,1,3,
0,DV,2005,swamp,33-99,4,0,0,3,
0,DV,2005,wpoint,27-1,5.4,0,1,2,
0,DV,2005,wpoint,27-2,4.5,0,1,2,
0,DV,2005,wpoint,27-3,4,0,0,2,
0,DV,2005,wpoint,27-4,4.6,0,1,2,
0,DV,2005,wpoint,27-5,4.9,0,0,2,
0,DV,2005,wpoint,27-6,5.1,1,0,2,
0,DV,2005,wpoint,27-7,5.5,0,1,2,
0,DV,2005,wpoint,27-8,5.1,0,1,2,
0,DV,2005,wpoint,27-9,4.2,1,0,2,
0,DV,2005,wpoint,27-10,3.9,1,0,2,
0,DV,2005,wpoint,27-11,4.1,1,1,2,
0,DV,2005,wpoint,27-12,3.9,1,0,2,
0,DV,2005,wpoint,27-13,4.6,0,0,2,
0,DV,2005,wpoint,27-14,4.5,0,1,2,
0,DV,2005,wpoint,27-15,4.1,0,0,2,
0,DV,2005,wpoint,27-16,4.9,0,1,2,
0,DV,2005,wpoint,27-17,4.7,1,0,2,
0,DV,2005,wpoint,27-18,4.9,0,1,2,
0,DV,2005,wpoint,27-19,4.7,1,1,2,
0,DV,2005,wpoint,27-20,5.5,0,1,2,
0,DV,2005,wpoint,27-21,4,0,0,2,
0,DV,2005,wpoint,27-22,4.2,1,0,2,
0,DV,2005,wpoint,27-23,4.5,1,0,2,
0,DV,2005,wpoint,27-24,4.1,0,1,2,
0,DV,2005,wpoint,27-25,5.5,0,1,2,
0,DV,2005,wpoint,27-26,4,1,0,2,
0,DV,2005,wpoint,27-27,4.1,0,0,2,
0,DV,2005,wpoint,27-28,4.9,0,1,2,
0,DV,2005,wpoint,27-29,3.8,0,1,2,
0,DV,2005,wpoint,27-30,4.1,0,0,2,
0,DV,2005,wpoint,27-31,4.5,0,0,2,
0,DV,2005,wpoint,27-32,4.3,0,1,2,
0,DV,2005,wpoint,27-33,4.6,0,1,2,
0,DV,2005,wpoint,27-34,4.1,0,0,2,
0,DV,2005,wpoint,27-35,4.3,1,0,2,
0,DV,2005,wpoint,27-36,4.2,0,0,2,
0,DV,2005,wpoint,27-37,3.7,1,0,2,
0,DV,2005,wpoint,27-38,4.6,0,1,2,
0,DV,2005,wpoint,27-39,4.8,1,1,2,
0,DV,2005,wpoint,27-40,5.1,0,1,2,
0,DV,2005,wpoint,27-41,4.7,0,1,2,
0,DV,2005,wpoint,27-42,4.4,1,0,2,
0,DV,2005,wpoint,27-43,5.1,0,1,2,
0,DV,2005,wpoint,27-44,4.3,0,0,2,
0,DV,2005,wpoint,27-45,5,0,0,2,
0,DV,2005,wpoint,27-46,5.3,0,1,2,
0,DV,2005,wpoint,27-47,3.9,1,1,2,
0,DV,2005,wpoint,27-48,3.7,0,1,2,
0,DV,2005,wpoint,27-49,4.9,1,0,2,
0,DV,2005,wpoint,27-50,4,0,1,2,
0,DV,2005,wpoint,27-51,3.9,1,0,2,
0,DV,2005,wpoint,27-52,4.5,0,1,2,
0,DV,2005,wpoint,27-53,4.5,0,1,2,
0,DV,2005,wpoint,27-54,5.3,0,1,2,
0,DV,2005,wpoint,27-56,4.1,1,1,2,
0,DV,2005,wpoint,27-57,4.9,0,1,2,
0,DV,2005,wpoint,27-58,4.3,0,1,2,
0,DV,2005,wpoint,27-59,4,1,0,2,
0,DV,2005,wpoint,27-60,4.7,0,0,2,
0,DV,2005,wpoint,29-55,5,0,1,2,
0,DV,2005,wpoint,29-57,5.5,0,1,2,
0,DV,2005,wpoint,29-63,5.3,0,1,2,
0,DV,2005,wpoint,29-65,4.2,0,1,2,
0,DV,2005,wpoint,29-80,3.2,1,0,2,
0,DV,2005,wpoint,29-81,5,1,1,2,
0,DV,2005,wpoint,29-97,4.5,0,1,2,
0,DV,2005,wpoint,32-71,4.6,0,1,2,
0,DV,2005,wpoint,32-72,5.1,0,1,2,
0,DV,2005,wpoint,32-96,4.6,0,0,2,
